audio_file,annotation,high_f,low_f,start_time,end_time
./audio/CC0808SB30_0829223000.wav,A,91,74,44.20054626,56.63139648
./audio/CC0808SB30_0829223000.wav,40Hz,87,61,204.0635345,205.8358368
./audio/CC0808SB30_0829223000.wav,D,78,45,342.6239441,344.5060669
