audio_file,annotation,high_f,low_f,start_time,end_time
./audio/CC0808SB30_0829214000.wav,D,63,31,415.1513855,417.9676971
./audio/CC0808SB30_0829214000.wav,A,90,74,448.3532166,460.4584244
