audio_file,annotation,high_f,low_f,start_time,end_time
./audio/CC0808SB13_0820210000.wav,40Hz,56,37,6.966659546,8.409130859
./audio/CC0808SB13_0820210000.wav,40Hz,54,34,83.59085388,85.03503418
./audio/CC0808SB13_0820210000.wav,40Hz,51,34,118.2630379,120.095134
