audio_file,annotation,high_f,low_f,start_time,end_time
./audio/CC0808SB25_0827161000.wav,20Hz,30,17,11.06332245,12.90164948
./audio/CC0808SB25_0827161000.wav,20Hz,30,16,68.06757355,69.69843292
./audio/CC0808SB25_0827161000.wav,20Hz,29,18,138.9108765,140.4570404
./audio/CC0808SB25_0827161000.wav,20Hz,27,16,270.0446899,271.5901733
