audio_file,annotation,high_f,low_f,start_time,end_time
./audio/CC0808SB29_0829184000.wav,20Hz,28,15,4.029824829,5.918061066
./audio/CC0808SB29_0829184000.wav,20Hz,29,15,191.4231781,193.1315582
./audio/CC0808SB29_0829184000.wav,20Hz,30,16,211.4929565,213.3219971
./audio/CC0808SB29_0829184000.wav,20Hz,31,15,234.0415573,236.1550568
./audio/CC0808SB29_0829184000.wav,20Hz,31,16,261.2269196,263.2461823
./audio/CC0808SB29_0829184000.wav,20Hz,29,17,320.1439758,321.7247986
