audio_file,annotation,high_f,low_f,start_time,end_time
./audio/CC0808SB22_0825162000.wav,40Hz,64,40,106.3080078,107.8548279
./audio/CC0808SB22_0825162000.wav,40Hz,61,43,144.9105469,146.4804596
./audio/CC0808SB22_0825162000.wav,40Hz,62,38,325.0430267,326.4382813
