audio_file,annotation,high_f,low_f,start_time,end_time
./audio/CC0808SB12_0819234000.wav,20Hz,30,16,24.53133392,26.31981812
./audio/CC0808SB12_0819234000.wav,20Hz,29,15,1.802318764,3.544622803
./audio/CC0808SB12_0819234000.wav,20Hz,30,15,152.7260559,154.6752472
./audio/CC0808SB12_0819234000.wav,20Hz,33,16,173.3261322,175.3561371
./audio/CC0808SB12_0819234000.wav,20Hz,28,16,202.8786133,204.7217072
