audio_file,annotation,high_f,low_f,start_time,end_time
./audio/CC0808SB23_0826014000.wav,A,91,74,42.50743713,59.58302612
./audio/CC0808SB23_0826014000.wav,A,91,76,331.5627323,344.8046753
