audio_file,annotation,high_f,low_f,start_time,end_time
./audio/CC0808SB26_0827221000.wav,A,91,75,78.92108765,90.77519836
./audio/CC0808SB26_0827221000.wav,A,90,75,220.9517464,229.7534729
./audio/CC0808SB26_0827221000.wav,A,92,74,360.0370056,374.75737
./audio/CC0808SB26_0827221000.wav,A,89,74,496.8419462,507.1336548
