audio_file,annotation,high_f,low_f,start_time,end_time
./audio/CC0808SB23_0826001000.wav,A,90,69,65.72405167,81.80255127
./audio/CC0808SB23_0826001000.wav,B,54,14,114.3113998,125.0643036
./audio/CC0808SB23_0826001000.wav,B,54,19,126.3977295,133.3570068
./audio/CC0808SB23_0826001000.wav,A,92,74,207.0477356,220.8660095
./audio/CC0808SB23_0826001000.wav,B,59,15,253.6111115,264.6474518
./audio/CC0808SB23_0826001000.wav,B,62,25,266.1472076,272.5768616
./audio/CC0808SB23_0826001000.wav,20Hz,30,16,228.8377434,230.8533134
