audio_file,annotation,high_f,low_f,start_time,end_time
./audio/CC0808SB25_0827152000.wav,20Hz,27,15,76.2012146,77.71488342
./audio/CC0808SB25_0827152000.wav,20Hz,34,18,426.1497162,428.0787109
