audio_file,annotation,high_f,low_f,start_time,end_time
./audio/CC0808SB30_0829205000.wav,A,91,73,315.1438721,330.4514832
./audio/CC0808SB30_0829205000.wav,A,91,74,393.4275024,408.3061615
