audio_file,annotation,high_f,low_f,start_time,end_time
./audio/CC0808SB28_0829003000.wav,D,62,37,44.34294739,46.66252136
./audio/CC0808SB28_0829003000.wav,D,60,34,248.1197815,251.2580261
./audio/CC0808SB28_0829003000.wav,D,73,32,257.4594482,260.5408478
./audio/CC0808SB28_0829003000.wav,D,66,41,301.5914825,304.4920959
./audio/CC0808SB28_0829003000.wav,D,60,37,322.9532043,325.1412659
