audio_file,annotation,high_f,low_f,start_time,end_time
./audio/CC0808SB27_0828175000.wav,20Hz,30,16,75.30713501,77.23622284
./audio/CC0808SB27_0828175000.wav,20Hz,30,16,100.5642975,102.5746552
./audio/CC0808SB27_0828175000.wav,20Hz,30,17,112.7742798,114.6143127
./audio/CC0808SB27_0828175000.wav,20Hz,30,17,112.7842381,114.4864605
./audio/CC0808SB27_0828175000.wav,20Hz,26,13,117.4893188,119.3272217
./audio/CC0808SB27_0828175000.wav,20Hz,32,16,127.1917328,129.1208649
./audio/CC0808SB27_0828175000.wav,20Hz,24,12,143.3471741,145.3671875
./audio/CC0808SB27_0828175000.wav,20Hz,32,15,171.8413208,173.7372475
