audio_file,annotation,high_f,low_f,start_time,end_time
./audio/CC0808SB27_0828172000.wav,20Hz,29,15,8.538108826,10.13321609
./audio/CC0808SB27_0828172000.wav,20Hz,30,16,9.98852005,11.70739059
./audio/CC0808SB27_0828172000.wav,20Hz,31,16,36.69659729,38.69178772
./audio/CC0808SB27_0828172000.wav,20Hz,29,17,88.28852844,89.8921936
./audio/CC0808SB27_0828172000.wav,20Hz,24,13,102.8518585,104.8838074
./audio/CC0808SB27_0828172000.wav,20Hz,29,17,113.3176941,115.1037048
./audio/CC0808SB27_0828172000.wav,20Hz,33,19,257.9784302,259.4676239
./audio/CC0808SB27_0828172000.wav,20Hz,29,17,263.0923157,264.9350037
./audio/CC0808SB27_0828172000.wav,20Hz,35,18,322.152713,323.9520203
