audio_file,annotation,high_f,low_f,start_time,end_time
./audio/CC0808SB23_0826000000.wav,B,53,13,20.69561462,39.68929443
./audio/CC0808SB23_0826000000.wav,B,52,15,70.34161072,89.27243652
./audio/CC0808SB23_0826000000.wav,B,49,14,120.0285469,129.1096756
./audio/CC0808SB23_0826000000.wav,20Hz,33,18,147.4404236,149.3851776
./audio/CC0808SB23_0826000000.wav,20Hz,28,16,160.4457153,161.967627
./audio/CC0808SB23_0826000000.wav,B,56,13,168.1464481,187.6405991
