audio_file,annotation,high_f,low_f,start_time,end_time
./audio/CC0808SB13_0820204000.wav,20Hz,32,16,23.66877747,25.37435303
./audio/CC0808SB13_0820204000.wav,20Hz,29,17,402.7151443,404.7208221
./audio/CC0808SB13_0820204000.wav,20Hz,28,17,462.1359924,464.010849
