audio_file,annotation,high_f,low_f,start_time,end_time
./audio/CC0808SB03_0816020204.wav,20Hz,30,15,273.2874146,275.0989563
./audio/CC0808SB03_0816020204.wav,20Hz,31,16,385.6517517,388.208429
./audio/CC0808SB03_0816020204.wav,20Hz,33,16,364.3950409,366.8598816
