audio_file,annotation,high_f,low_f,start_time,end_time
./audio/CC0808SB20_0824185000.wav,A,90,75,118.6812279,127.5632263
./audio/CC0808SB20_0824185000.wav,A,90,74,512.7374512,522.3420044
