audio_file,annotation,high_f,low_f,start_time,end_time
./audio/CC0808SB05_0816232000.wav,20Hz,28,16,51.56661987,53.00421753
./audio/CC0808SB05_0816232000.wav,20Hz,27,16,133.5019073,135.0110352
./audio/CC0808SB05_0816232000.wav,20Hz,27,15,297.2689728,298.9042282
./audio/CC0808SB05_0816232000.wav,20Hz,26,15,346.6837128,348.2101685
