audio_file,annotation,high_f,low_f,start_time,end_time
./audio/CC0808SB23_0826011000.wav,A,92,73,98.93222961,114.892218
./audio/CC0808SB23_0826011000.wav,B,61,16,147.2038483,159.2933899
./audio/CC0808SB23_0826011000.wav,A,93,75,151.9653839,168.7171082
./audio/CC0808SB23_0826011000.wav,B,58,13,197.1832764,215.967041
./audio/CC0808SB23_0826011000.wav,B,57,17,245.8374084,257.7700562
./audio/CC0808SB23_0826011000.wav,A,88,74,337.1210945,348.7532089
./audio/CC0808SB23_0826011000.wav,A,90,73,379.8301758,389.9218506
./audio/CC0808SB23_0826011000.wav,A,89,73,385.7761689,395.9850471
./audio/CC0808SB23_0826011000.wav,B,61,17,427.0370209,439.0000854
