audio_file,annotation,high_f,low_f,start_time,end_time
./audio/CC0808SB04_0816163000.wav,20Hz,35,20,147.5286255,149.1930206
./audio/CC0808SB04_0816163000.wav,D,65,39,194.7309692,197.5038696
./audio/CC0808SB04_0816163000.wav,D,61,36,226.3952641,229.0627968
