audio_file,annotation,high_f,low_f,start_time,end_time
./audio/CC0808SB23_0825233000.wav,B,64,12,5.910895538,25.88224487
./audio/CC0808SB23_0825233000.wav,A,93,74,125.8826431,144.0221313
./audio/CC0808SB23_0825233000.wav,B,52,15,175.2429001,194.5842834
./audio/CC0808SB23_0825233000.wav,20Hz,34,19,221.5982219,223.3970314
./audio/CC0808SB23_0825233000.wav,B,51,16,224.9398567,245.5394302
./audio/CC0808SB23_0825233000.wav,20Hz,33,18,317.7284393,319.5970245
./audio/CC0808SB23_0825233000.wav,B,57,13,323.7732849,335.1
