audio_file,annotation,high_f,low_f,start_time,end_time
./audio/CC0808SB25_0827160000.wav,20Hz,30,16,38.78623657,40.45733337
./audio/CC0808SB25_0827160000.wav,20Hz,29,16,60.82029114,62.35168839
./audio/CC0808SB25_0827160000.wav,20Hz,28,16,131.2044098,132.9331985
./audio/CC0808SB25_0827160000.wav,20Hz,28,15,139.5943787,141.3106842
./audio/CC0808SB25_0827160000.wav,20Hz,28,17,211.290329,212.8200073
./audio/CC0808SB25_0827160000.wav,20Hz,26,15,461.0922729,462.9538452
