audio_file,annotation,high_f,low_f,start_time,end_time
./audio/CC0808SB27_0828193000.wav,20Hz,34,17,143.3139679,145.0123993
./audio/CC0808SB27_0828193000.wav,20Hz,35,17,255.8651459,257.9218994
./audio/CC0808SB27_0828193000.wav,20Hz,36,18,266.2171417,267.9243256
./audio/CC0808SB27_0828193000.wav,20Hz,35,18,238.667067,240.44758
./audio/CC0808SB27_0828193000.wav,20Hz,31,17,345.1501007,347.0954437
./audio/CC0808SB27_0828193000.wav,20Hz,37,21,348.7779114,350.6764069
./audio/CC0808SB27_0828193000.wav,20Hz,34,18,370.1271942,372.0190002
