audio_file,annotation,high_f,low_f,start_time,end_time
./audio/CC0808SB27_0828173000.wav,20Hz,27,16,17.54423676,18.88364258
./audio/CC0808SB27_0828173000.wav,20Hz,30,17,16.03141937,17.4874054
./audio/CC0808SB27_0828173000.wav,20Hz,36,23,149.2517395,150.8387604
./audio/CC0808SB27_0828173000.wav,20Hz,34,18,153.5048309,155.5600494
./audio/CC0808SB27_0828173000.wav,20Hz,33,16,180.1447189,182.1769287
./audio/CC0808SB27_0828173000.wav,20Hz,35,19,215.8943878,217.7545471
./audio/CC0808SB27_0828173000.wav,20Hz,27,16,188.1611923,189.5996109
./audio/CC0808SB27_0828173000.wav,20Hz,29,16,232.3945061,234.0856979
./audio/CC0808SB27_0828173000.wav,20Hz,29,16,256.3693207,257.9828827
