audio_file,annotation,high_f,low_f,start_time,end_time
./audio/CC0808SB03_0816020000.wav,20Hz,30,16,16.05332031,17.97858582
./audio/CC0808SB03_0816020000.wav,20Hz,39,22,51.94790649,53.8067749
