audio_file,annotation,high_f,low_f,start_time,end_time
./audio/CC0808SB22_0825162000.wav,40Hz,63,41,106.2400757,107.9123413
./audio/CC0808SB22_0825162000.wav,40Hz,61,43,144.8403809,146.4555115
./audio/CC0808SB22_0825162000.wav,20Hz,30,16,334.5195549,336.0574898
