audio_file,annotation,high_f,low_f,start_time,end_time
./audio/CC0808SB31_0829235000.wav,D,89,54,36.7046875,38.97489319
./audio/CC0808SB31_0829235000.wav,D,93,46,25.00105133,27.46951599
./audio/CC0808SB31_0829235000.wav,40Hz,68,50,439.1585388,440.7141296
