audio_file,annotation,high_f,low_f,start_time,end_time
./audio/CC0808SB30_0829213000.wav,A,89,76,57.26773834,70.36762543
./audio/CC0808SB30_0829213000.wav,A,91,74,178.2886978,193.4530426
./audio/CC0808SB30_0829213000.wav,40Hz,78,58,261.417276,263.3273254
./audio/CC0808SB30_0829213000.wav,D,96,56,508.4003021,510.340715
