audio_file,annotation,high_f,low_f,start_time,end_time
./audio/CC0808SB22_0825151000.wav,20Hz,38,24,144.8050903,147.0217499
./audio/CC0808SB22_0825151000.wav,20Hz,33,20,187.5487488,189.0738098
