audio_file,annotation,high_f,low_f,start_time,end_time
./audio/CC0808SB29_0829190000.wav,D,72,41,6.159937286,9.043758392
./audio/CC0808SB29_0829190000.wav,20Hz,31,16,42.30053711,44.16234131
./audio/CC0808SB29_0829190000.wav,20Hz,24,13,54.54301758,56.34801636
./audio/CC0808SB29_0829190000.wav,20Hz,30,15,98.47998657,100.2177338
./audio/CC0808SB29_0829190000.wav,D,63,37,100.1508911,103.141864
./audio/CC0808SB29_0829190000.wav,20Hz,31,16,129.7929489,131.6828217
./audio/CC0808SB29_0829190000.wav,20Hz,30,17,163.8507935,165.3667419
