audio_file,annotation,high_f,low_f,start_time,end_time
./audio/CC0808SB28_0829001000.wav,20Hz,40,18,151.1287231,152.889209
./audio/CC0808SB28_0829001000.wav,20Hz,30,16,210.891095,212.5573547
./audio/CC0808SB28_0829001000.wav,20Hz,37,18,274.8129578,276.5092407
./audio/CC0808SB28_0829001000.wav,20Hz,34,15,263.6915924,265.4613739
./audio/CC0808SB28_0829001000.wav,20Hz,37,17,351.475563,353.3415924
./audio/CC0808SB28_0829001000.wav,20Hz,29,15,493.5290405,495.1081543
