audio_file,annotation,high_f,low_f,start_time,end_time
./audio/CC0808SB23_0826004000.wav,B,50,11,37.51195374,49.15172729
./audio/CC0808SB23_0826004000.wav,B,48,19,49.89746704,57.26980591
./audio/CC0808SB23_0826004000.wav,B,47,11,0.0,7.816623688
./audio/CC0808SB23_0826004000.wav,A,88,72,125.1562988,142.3371826
./audio/CC0808SB23_0826004000.wav,B,49,12,174.1387291,186.6673645
./audio/CC0808SB23_0826004000.wav,B,47,15,186.1864044,193.7777832
./audio/CC0808SB23_0826004000.wav,B,52,11,224.2056149,235.9192154
./audio/CC0808SB23_0826004000.wav,B,48,14,236.2144363,244.4039368
