audio_file,annotation,high_f,low_f,start_time,end_time
./audio/CC0808SB25_0827151100.wav,20Hz,30,18,19.685289,21.42471924
./audio/CC0808SB25_0827151100.wav,20Hz,29,15,71.04455719,72.67779541
./audio/CC0808SB25_0827151100.wav,20Hz,31,17,98.03543701,99.81272583
