audio_file,annotation,high_f,low_f,start_time,end_time
./audio/CC0808SB05_0816234000.wav,20Hz,28,16,67.36852951,68.92113037
./audio/CC0808SB05_0816234000.wav,20Hz,29,17,259.611142,261.1570343
./audio/CC0808SB05_0816234000.wav,20Hz,29,16,533.305368,535.3069336
