audio_file,annotation,high_f,low_f,start_time,end_time
./audio/CC0808SB31_0829233000.wav,D,73,39,94.52011719,96.85066528
./audio/CC0808SB31_0829233000.wav,40Hz,69,47,106.7720886,108.5281921
./audio/CC0808SB31_0829233000.wav,40Hz,68,51,131.6529526,133.4713959
./audio/CC0808SB31_0829233000.wav,D,72,46,187.7854691,189.7457443
