audio_file,annotation,high_f,low_f,start_time,end_time
./audio/CC0808SB05_0817010000.wav,D,83,57,549.3197998,551.5180481
./audio/CC0808SB05_0817010000.wav,D,91,57,575.1340988,577.2780762
