audio_file,annotation,high_f,low_f,start_time,end_time
./audio/CC0808SB22_0825152000.wav,A,90,71,88.46649475,101.5516968
./audio/CC0808SB22_0825152000.wav,20Hz,29,16,137.4399475,139.0210083
