audio_file,annotation,high_f,low_f,start_time,end_time
./audio/CC0808SB25_0827163000.wav,20Hz,26,14,18.20081024,19.85384979
./audio/CC0808SB25_0827163000.wav,20Hz,30,17,199.2836517,200.8105804
