audio_file,annotation,high_f,low_f,start_time,end_time
./audio/CC0808SB28_0828235000.wav,20Hz,37,17,479.9897644,481.7759857
./audio/CC0808SB28_0828235000.wav,20Hz,37,18,528.0884857,529.8801758
