audio_file,annotation,high_f,low_f,start_time,end_time
./audio/CC0808SB05_0817010000.wav,D,93,61,379.3790192,381.510791
./audio/CC0808SB05_0817010000.wav,D,69,45,434.1749664,436.4296143
./audio/CC0808SB05_0817010000.wav,D,83,57,549.3279541,551.5028503
./audio/CC0808SB05_0817010000.wav,D,93,58,575.0223404,577.3120636
