audio_file,annotation,high_f,low_f,start_time,end_time
./audio/CC0808SB24_0826184026.wav,B,59,32,189.9174133,200.1993469
./audio/CC0808SB24_0826184026.wav,A,91,74,275.3962606,290.7873703
./audio/CC0808SB24_0826184026.wav,A,96,77,400.76698,411.3283234
./audio/CC0808SB24_0826184026.wav,A,94,75,534.1277924,551.8481995
