audio_file,annotation,high_f,low_f,start_time,end_time
./audio/CC0808SB25_0827155000.wav,20Hz,36,18,70.76022491,72.51937256
./audio/CC0808SB25_0827155000.wav,20Hz,26,15,211.7369812,213.4818512
./audio/CC0808SB25_0827155000.wav,20Hz,27,15,227.6947731,229.5558502
./audio/CC0808SB25_0827155000.wav,20Hz,28,16,551.6841492,553.4818726
