audio_file,annotation,high_f,low_f,start_time,end_time
./audio/CC0808SB05_0816234000.wav,20Hz,30,17,8.753775024,10.32766647
./audio/CC0808SB05_0816234000.wav,20Hz,28,17,38.01825256,39.55332947
./audio/CC0808SB05_0816234000.wav,20Hz,28,15,67.35694122,68.96388245
./audio/CC0808SB05_0816234000.wav,20Hz,29,16,79.92865906,81.24850159
./audio/CC0808SB05_0816234000.wav,20Hz,27,16,135.4130814,136.8939392
./audio/CC0808SB05_0816234000.wav,20Hz,28,15,214.6998688,216.2158325
