audio_file,annotation,high_f,low_f,start_time,end_time
./audio/CC0808SB29_0829170130.wav,A,91,74,16.86259766,30.04648743
./audio/CC0808SB29_0829170130.wav,A,91,75,142.8120605,157.9905396
./audio/CC0808SB29_0829170130.wav,A,90,75,230.6325188,245.1064407
./audio/CC0808SB29_0829170130.wav,B,53,21,254.92854,261.660849
./audio/CC0808SB29_0829170130.wav,A,92,74,320.5936676,333.9846252
./audio/CC0808SB29_0829170130.wav,A,91,74,331.6557816,347.9420959
