audio_file,annotation,high_f,low_f,start_time,end_time
./audio/CC0808SB22_0825135216.wav,20Hz,28,16,211.4885773,213.2030212
./audio/CC0808SB22_0825135216.wav,20Hz,29,16,195.4927673,197.2886627
