audio_file,annotation,high_f,low_f,start_time,end_time
./audio/CC0808SB23_0826003000.wav,A,92,73,1.258079243,16.63776093
./audio/CC0808SB23_0826003000.wav,B,58,14,46.77026062,65.93098373
./audio/CC0808SB23_0826003000.wav,A,93,75,127.5014465,145.8620697
./audio/CC0808SB23_0826003000.wav,B,56,13,176.3054749,195.6449219
./audio/CC0808SB23_0826003000.wav,B,52,14,226.1883743,265.6330414
