audio_file,annotation,high_f,low_f,start_time,end_time
./audio/CC0808SB23_0825235000.wav,B,57,14,19.00308228,38.44532471
./audio/CC0808SB23_0825235000.wav,A,94,74,98.61577148,115.0128479
./audio/CC0808SB23_0825235000.wav,B,56,26,147.2230713,165.9777344
./audio/CC0808SB23_0825235000.wav,20Hz,27,15,214.338327,216.1156494
./audio/CC0808SB23_0825235000.wav,A,94,74,222.1783573,239.6863342
./audio/CC0808SB23_0825235000.wav,B,54,13,270.1084808,280.1
