audio_file,annotation,high_f,low_f,start_time,end_time
./audio/CC0808SB22_0825153000.wav,20Hz,41,22,552.6529968,554.6847595
./audio/CC0808SB22_0825153000.wav,20Hz,40,23,552.7253084,554.5097424
