audio_file,annotation,high_f,low_f,start_time,end_time
./audio/CC0808SB21_0825013000.wav,D,74,52,487.0414825,489.1939178
./audio/CC0808SB21_0825013000.wav,D,72,41,536.1741791,538.4863495
./audio/CC0808SB21_0825013000.wav,D,71,44,574.1871796,576.9215302
