audio_file,annotation,high_f,low_f,start_time,end_time
./audio/CC0808SB27_0828190000.wav,20Hz,33,15,30.58755188,32.7426239
./audio/CC0808SB27_0828190000.wav,20Hz,35,19,3.354346848,5.222182465
./audio/CC0808SB27_0828190000.wav,20Hz,31,18,14.03726654,15.93601532
./audio/CC0808SB27_0828190000.wav,20Hz,31,18,53.76848755,55.34517822
