audio_file,annotation,high_f,low_f,start_time,end_time
./audio/CC0808SB30_0829204108.wav,D,89,58,26.08108215,27.95599976
./audio/CC0808SB30_0829204108.wav,D,106,36,57.06513195,59.1081295
./audio/CC0808SB30_0829204108.wav,D,97,53,215.0234314,217.0892639
./audio/CC0808SB30_0829204108.wav,D,121,30,279.5704426,281.5592155
./audio/CC0808SB30_0829204108.wav,D,74,20,432.9785004,434.9418213
./audio/CC0808SB30_0829204108.wav,A,91,75,441.2334097,456.4878372
