audio_file,annotation,high_f,low_f,start_time,end_time
./audio/CC0808SB03_0816025000.wav,40Hz,73,49,501.403,502.958
./audio/CC0808SB03_0816025000.wav,20Hz,33,15,109.2900391,111.0790466
./audio/CC0808SB03_0816025000.wav,20Hz,32,15,72.16133118,74.5322525
./audio/CC0808SB03_0816025000.wav,20Hz,32,16,78.29860992,80.85289917
./audio/CC0808SB03_0816025000.wav,20Hz,25,12,102.7305878,105.8841919
./audio/CC0808SB03_0816025000.wav,20Hz,29,16,89.26510925,91.34345398
./audio/CC0808SB03_0816025000.wav,20Hz,35,16,96.11227417,98.69255371
./audio/CC0808SB03_0816025000.wav,20Hz,31,16,116.0175365,118.7559486
./audio/CC0808SB03_0816025000.wav,20Hz,35,16,155.6030273,157.8473358
