audio_file,annotation,high_f,low_f,start_time,end_time
./audio/CC0808SB23_0826000000.wav,B,53,13,20.69561462,29.91680908
./audio/CC0808SB23_0826000000.wav,B,55,27,33.70161438,39.68929443
./audio/CC0808SB23_0826000000.wav,B,52,15,70.34161072,80.87828369
./audio/CC0808SB23_0826000000.wav,20Hz,33,18,147.4404236,149.3851776
./audio/CC0808SB23_0826000000.wav,20Hz,28,16,160.4457153,161.967627
./audio/CC0808SB23_0826000000.wav,B,56,13,168.1464481,179.5260452
./audio/CC0808SB23_0826000000.wav,B,56,23,181.3633484,187.6405991
./audio/CC0808SB23_0826000000.wav,20Hz,32,17,206.9770111,208.9617004
./audio/CC0808SB23_0826000000.wav,20Hz,30,16,192.8730835,194.682663
