audio_file,annotation,high_f,low_f,start_time,end_time
./audio/CC0808SB31_0829231000.wav,D,82,42,449.1930031,451.6832771
./audio/CC0808SB31_0829231000.wav,D,92,56,457.5150284,459.653952
