audio_file,annotation,high_f,low_f,start_time,end_time
./audio/CC0808SB03_0816030000.wav,40Hz,66,43,93.454,94.663
./audio/CC0808SB03_0816030000.wav,20Hz,39,16,28.72362366,31.18409119
./audio/CC0808SB03_0816030000.wav,20Hz,28,16,8.588752747,10.03135071
./audio/CC0808SB03_0816030000.wav,20Hz,29,16,53.27774658,54.90114746
./audio/CC0808SB03_0816030000.wav,20Hz,32,16,55.70507202,57.8793335
./audio/CC0808SB03_0816030000.wav,20Hz,29,14,5.925197983,7.672628021
