audio_file,annotation,high_f,low_f,start_time,end_time
./audio/CC0808SB12_0819235000.wav,20Hz,28,17,61.76261826,63.1791626
./audio/CC0808SB12_0819235000.wav,A,89,75,138.984787,151.2853455
