audio_file,annotation,high_f,low_f,start_time,end_time
./audio/CC0808SB01_0815185000.wav,B,53,11,49.179,68.879
./audio/CC0808SB01_0815185000.wav,20Hz,35,16,272.9534424,274.9183105
./audio/CC0808SB01_0815185000.wav,20Hz,24,12,286.962056,289.0368301
./audio/CC0808SB01_0815185000.wav,20Hz,34,15,299.0849655,301.5103638
./audio/CC0808SB01_0815185000.wav,20Hz,35,16,342.1180832,344.1148056
./audio/CC0808SB01_0815185000.wav,20Hz,33,16,369.9382599,372.0854309
./audio/CC0808SB01_0815185000.wav,20Hz,36,15,436.31,438.988
