audio_file,annotation,high_f,low_f,start_time,end_time
./audio/CC0808SB29_0829175000.wav,20Hz,36,19,89.0466156,90.99143372
./audio/CC0808SB29_0829175000.wav,A,90,75,535.6312012,550.4790833
