audio_file,annotation,high_f,low_f,start_time,end_time
./audio/CC0808SB30_0829204108.wav,D,106,36,57.06513195,59.1081295
./audio/CC0808SB30_0829204108.wav,D,121,30,279.5704426,281.5592155
./audio/CC0808SB30_0829204108.wav,D,74,20,432.9785004,434.9418213
