audio_file,annotation,high_f,low_f,start_time,end_time
./audio/CC0808SB15_0821175000.wav,20Hz,33,20,139.8049561,141.6988495
./audio/CC0808SB15_0821175000.wav,40Hz,53,35,519.3090485,521.3689056
