audio_file,annotation,high_f,low_f,start_time,end_time
./audio/CC0808SB26_0827215040.wav,A,91,76,431.4023102,440.1265442
./audio/CC0808SB26_0827215040.wav,20Hz,32,19,525.5436859,526.870752
