audio_file,annotation,high_f,low_f,start_time,end_time
./audio/CC0808SB05_0816235000.wav,20Hz,29,16,40.77876892,42.31317749
./audio/CC0808SB05_0816235000.wav,20Hz,27,16,13.70687561,15.53062134
./audio/CC0808SB05_0816235000.wav,20Hz,29,16,70.39978485,72.29881439
./audio/CC0808SB05_0816235000.wav,20Hz,30,16,99.36733398,101.2184753
./audio/CC0808SB05_0816235000.wav,20Hz,28,16,160.7184753,162.2574585
