audio_file,annotation,high_f,low_f,start_time,end_time
./audio/CC0808SB03_0816023000.wav,20Hz,30,15,165.1465454,166.9011414
./audio/CC0808SB03_0816023000.wav,20Hz,33,16,113.0447338,116.6739006
./audio/CC0808SB03_0816023000.wav,20Hz,32,16,111.8242065,114.1839478
./audio/CC0808SB03_0816023000.wav,20Hz,25,13,72.57248688,75.69693756
./audio/CC0808SB03_0816023000.wav,20Hz,29,15,98.27793579,100.5305389
