audio_file,annotation,high_f,low_f,start_time,end_time
./audio/CC0808SB27_0828183000.wav,20Hz,28,17,48.94836731,51.05918884
./audio/CC0808SB27_0828183000.wav,20Hz,28,18,63.21900558,64.80195389
./audio/CC0808SB27_0828183000.wav,20Hz,28,15,101.8510529,103.5265137
./audio/CC0808SB27_0828183000.wav,20Hz,27,15,129.6378662,131.2898499
./audio/CC0808SB27_0828183000.wav,20Hz,30,16,165.5223938,167.2210999
./audio/CC0808SB27_0828183000.wav,20Hz,34,16,254.6694397,256.5244537
./audio/CC0808SB27_0828183000.wav,20Hz,31,14,264.7285309,266.5119537
./audio/CC0808SB27_0828183000.wav,20Hz,32,16,276.3795385,278.2592461
./audio/CC0808SB27_0828183000.wav,20Hz,31,16,276.4086609,278.2924133
