audio_file,annotation,high_f,low_f,start_time,end_time
./audio/CC0808SB28_0829004000.wav,D,55,34,37.25198059,39.94614868
./audio/CC0808SB28_0829004000.wav,D,66,37,59.34052849,62.73466263
