audio_file,annotation,high_f,low_f,start_time,end_time
./audio/CC0808SB31_0830001142.wav,D,77,35,27.53120728,30.0672699
./audio/CC0808SB31_0830001142.wav,40Hz,74,53,186.4408737,188.2914795
./audio/CC0808SB31_0830001142.wav,D,106,54,317.7530182,320.188559
