audio_file,annotation,high_f,low_f,start_time,end_time
./audio/CC0808SB22_0825153000.wav,20Hz,37,20,542.7786835,544.6615997
./audio/CC0808SB22_0825153000.wav,20Hz,40,23,552.7120422,554.6176636
