audio_file,annotation,high_f,low_f,start_time,end_time
./audio/CC0808SB24_0826185000.wav,A,95,76,88.69906921,107.6416321
./audio/CC0808SB24_0826185000.wav,A,94,74,55.88189402,71.33666534
./audio/CC0808SB24_0826185000.wav,A,93,74,185.1791733,203.4573029
./audio/CC0808SB24_0826185000.wav,A,93,75,402.2108139,417.8312805
