audio_file,annotation,high_f,low_f,start_time,end_time
./audio/CC0808SB25_0827153000.wav,20Hz,29,14,35.17546692,36.76359863
./audio/CC0808SB25_0827153000.wav,20Hz,29,16,139.7634766,141.3022705
./audio/CC0808SB25_0827153000.wav,20Hz,27,16,337.9658279,339.6054306
./audio/CC0808SB25_0827153000.wav,20Hz,35,19,376.7187897,378.2118164
