audio_file,annotation,high_f,low_f,start_time,end_time
./audio/CC0808SB29_0829185000.wav,20Hz,30,18,162.3898315,163.8777039
./audio/CC0808SB29_0829185000.wav,20Hz,31,16,286.2859779,287.8996002
./audio/CC0808SB29_0829185000.wav,20Hz,29,16,368.4860229,370.171994
./audio/CC0808SB29_0829185000.wav,20Hz,33,17,402.2209549,404.0688599
./audio/CC0808SB29_0829185000.wav,20Hz,31,16,430.7685303,432.508429
