audio_file,annotation,high_f,low_f,start_time,end_time
./audio/CC0808SB11_0819161000.wav,20Hz,27,15,276.8092407,278.5529724
./audio/CC0808SB11_0819161000.wav,20Hz,26,15,276.8261181,278.508506
./audio/CC0808SB11_0819161000.wav,20Hz,28,16,418.0851929,419.715097
