audio_file,annotation,high_f,low_f,start_time,end_time
./audio/CC0808SB27_0828181000.wav,20Hz,29,16,247.3418304,249.2927429
./audio/CC0808SB27_0828181000.wav,20Hz,28,16,305.9680481,307.3780029
./audio/CC0808SB27_0828181000.wav,20Hz,36,16,330.1344849,332.1345337
./audio/CC0808SB27_0828181000.wav,20Hz,33,16,379.7588776,381.7458496
./audio/CC0808SB27_0828181000.wav,20Hz,35,16,354.2482147,356.1415527
./audio/CC0808SB27_0828181000.wav,20Hz,32,16,360.9145844,362.4217377
