audio_file,annotation,high_f,low_f,start_time,end_time
./audio/CC0808SB25_0827154000.wav,20Hz,33,16,39.87406921,41.79176331
./audio/CC0808SB25_0827154000.wav,20Hz,28,15,44.37703247,46.03492737
./audio/CC0808SB25_0827154000.wav,20Hz,33,14,54.67907104,56.28963623
./audio/CC0808SB25_0827154000.wav,20Hz,29,14,34.51360779,35.94546509
./audio/CC0808SB25_0827154000.wav,20Hz,32,16,110.7599365,112.5762085
./audio/CC0808SB25_0827154000.wav,20Hz,35,18,78.63485718,80.56801147
./audio/CC0808SB25_0827154000.wav,20Hz,28,17,64.97503433,66.65822372
./audio/CC0808SB25_0827154000.wav,20Hz,32,16,110.7061287,112.5316185
./audio/CC0808SB25_0827154000.wav,20Hz,28,15,162.0872375,163.5181274
