audio_file,annotation,high_f,low_f,start_time,end_time
./audio/CC0808SB24_0826190000.wav,A,94,75,112.0634455,130.4627045
./audio/CC0808SB24_0826190000.wav,A,92,74,282.8655434,301.3090149
./audio/CC0808SB24_0826190000.wav,A,93,74,403.8961044,421.1976318
./audio/CC0808SB24_0826190000.wav,A,94,76,453.7528305,470.6651459
./audio/CC0808SB24_0826190000.wav,A,92,74,533.3801971,551.7174927
