audio_file,annotation,high_f,low_f,start_time,end_time
./audio/CC0808SB23_0826004000.wav,B,52,16,0.716623735,7.931210327
./audio/CC0808SB23_0826004000.wav,20Hz,30,16,21.61676788,23.66490021
./audio/CC0808SB23_0826004000.wav,20Hz,31,17,32.29084473,34.73458557
./audio/CC0808SB23_0826004000.wav,B,53,12,37.8603302,57.35830688
./audio/CC0808SB23_0826004000.wav,A,89,73,124.9558517,141.9531952
./audio/CC0808SB23_0826004000.wav,B,53,14,174.4452202,193.6073517
./audio/CC0808SB23_0826004000.wav,B,57,12,224.3497845,235.6035004
./audio/CC0808SB23_0826004000.wav,20Hz,33,19,266.3018402,268.210556
