audio_file,annotation,high_f,low_f,start_time,end_time
./audio/CC0808SB30_0829215000.wav,A,91,75,32.34647522,48.65763855
./audio/CC0808SB30_0829215000.wav,B,57,11,82.06706848,97.0043457
./audio/CC0808SB30_0829215000.wav,D,94,54,374.4540649,376.8127869
./audio/CC0808SB30_0829215000.wav,D,76,47,473.0671387,475.2283478
./audio/CC0808SB30_0829215000.wav,B,54,21,525.0503235,532.0430634
