audio_file,annotation,high_f,low_f,start_time,end_time
./audio/CC0808SB30_0829211000.wav,40Hz,81,60,30.69678345,32.39513245
./audio/CC0808SB30_0829211000.wav,D,103,55,130.5774002,132.58228
./audio/CC0808SB30_0829211000.wav,A,91,74,180.9845154,197.051416
./audio/CC0808SB30_0829211000.wav,20Hz,29,16,221.2470459,222.898468
