audio_file,annotation,high_f,low_f,start_time,end_time
./audio/CC0808SB23_0826012000.wav,A,91,72,25.48982544,42.91432495
./audio/CC0808SB23_0826012000.wav,B,58,11,75.00131531,91.84836731
./audio/CC0808SB23_0826012000.wav,D,75,34,166.3583557,168.4597473
./audio/CC0808SB23_0826012000.wav,D,74,34,166.4089425,168.453323
./audio/CC0808SB23_0826012000.wav,B,57,13,198.6793427,216.1655945
./audio/CC0808SB23_0826012000.wav,B,59,12,330.7437405,344.7132324
./audio/CC0808SB23_0826012000.wav,A,93,73,411.0577667,428.3667969
./audio/CC0808SB23_0826012000.wav,B,50,14,480.0776428,488.1658264
./audio/CC0808SB23_0826012000.wav,B,59,11,461.1573318,478.8793121
