audio_file,annotation,high_f,low_f,start_time,end_time
./audio/CC0808SB31_0829232000.wav,D,66,40,53.92571411,56.26982422
./audio/CC0808SB31_0829232000.wav,D,75,43,60.32059746,62.28662186
./audio/CC0808SB31_0829232000.wav,D,79,47,69.13375702,71.13525391
./audio/CC0808SB31_0829232000.wav,D,78,44,71.4020462,73.18523254
./audio/CC0808SB31_0829232000.wav,D,86,56,269.7705994,272.152832
./audio/CC0808SB31_0829232000.wav,40Hz,69,51,293.1663116,294.9315353
