audio_file,annotation,high_f,low_f,start_time,end_time
./audio/CC0808SB14_0821002111.wav,20Hz,31,18,102.4891357,104.5076233
./audio/CC0808SB14_0821002111.wav,20Hz,27,15,441.6127136,443.2199524
./audio/CC0808SB14_0821002111.wav,20Hz,27,16,441.587858,443.1836239
