audio_file,annotation,high_f,low_f,start_time,end_time
./audio/CC0808SB05_0816235000.wav,20Hz,30,16,70.33385468,72.34487457
./audio/CC0808SB05_0816235000.wav,20Hz,30,17,135.5724838,137.1420502
