audio_file,annotation,high_f,low_f,start_time,end_time
./audio/CC0808SB09_0818160000.wav,A,62,41,165.9695752,180.2557114
./audio/CC0808SB09_0818160000.wav,A,87,74,308.2476013,320.08526
