audio_file,annotation,high_f,low_f,start_time,end_time
./audio/CC0808SB29_0829172000.wav,D,92,60,99.52377319,101.6411987
./audio/CC0808SB29_0829172000.wav,A,92,76,172.788208,191.395105
./audio/CC0808SB29_0829172000.wav,A,92,75,208.5140472,222.8162537
./audio/CC0808SB29_0829172000.wav,A,91,75,299.9985565,316.1659119
./audio/CC0808SB29_0829172000.wav,A,91,74,396.3525513,409.683989
