audio_file,annotation,high_f,low_f,start_time,end_time
./audio/CC0808SB31_0829232000.wav,D,66,40,53.92571411,56.26982422
./audio/CC0808SB31_0829232000.wav,D,75,43,60.32059746,62.28662186
./audio/CC0808SB31_0829232000.wav,D,86,56,269.7705994,272.152832
./audio/CC0808SB31_0829232000.wav,40Hz,69,51,293.1663116,294.9315353
./audio/CC0808SB31_0829232000.wav,D,112,55,281.7024818,284.509243
./audio/CC0808SB31_0829232000.wav,D,81,52,305.1460968,307.2445648
