audio_file,annotation,high_f,low_f,start_time,end_time
./audio/CC0808SB31_0830002000.wav,D,80,55,49.3475647,52.00546875
./audio/CC0808SB31_0830002000.wav,40Hz,73,52,115.3384647,117.1550667
./audio/CC0808SB31_0830002000.wav,D,89,49,128.0438309,130.4796997
./audio/CC0808SB31_0830002000.wav,D,70,38,308.218924,311.1536957
./audio/CC0808SB31_0830002000.wav,D,86,43,321.4306183,323.5817444
