audio_file,annotation,high_f,low_f,start_time,end_time
./audio/CC0808SB11_0819164000.wav,20Hz,35,20,157.5948517,159.688443
./audio/CC0808SB11_0819164000.wav,20Hz,32,17,208.8226349,210.8019775
./audio/CC0808SB11_0819164000.wav,20Hz,38,23,560.0575432,562.0097343
