audio_file,annotation,high_f,low_f,start_time,end_time
./audio/CC0808SB27_0828191000.wav,20Hz,30,15,90.56004333,92.26519165
./audio/CC0808SB27_0828191000.wav,20Hz,27,16,104.1917603,105.7614349
./audio/CC0808SB27_0828191000.wav,20Hz,29,15,63.4666832,64.99565887
