audio_file,annotation,high_f,low_f,start_time,end_time
./audio/CC0808SB29_0829191000.wav,20Hz,31,16,32.81072388,34.75868225
./audio/CC0808SB29_0829191000.wav,20Hz,26,15,93.02863464,94.79789734
./audio/CC0808SB29_0829191000.wav,20Hz,27,17,62.3772934,63.84593887
./audio/CC0808SB29_0829191000.wav,20Hz,29,17,122.2560501,123.9800034
