audio_file,annotation,high_f,low_f,start_time,end_time
./audio/CC0808SB15_0821190000.wav,A,91,76,203.3225555,212.6335388
./audio/CC0808SB15_0821190000.wav,A,90,75,331.5085891,345.4828903
./audio/CC0808SB15_0821190000.wav,A,88,75,462.1309402,472.4278381
