audio_file,annotation,high_f,low_f,start_time,end_time
./audio/CC0808SB05_0816231000.wav,20Hz,27,16,438.7471619,440.0526733
./audio/CC0808SB05_0816231000.wav,20Hz,26,15,465.4225983,467.0141724
./audio/CC0808SB05_0816231000.wav,20Hz,28,15,544.8858673,546.5873657
