audio_file,annotation,high_f,low_f,start_time,end_time
./audio/CC0808SB27_0828192000.wav,20Hz,28,16,178.2374435,180.0696625
./audio/CC0808SB27_0828192000.wav,20Hz,31,18,242.3853653,244.0426315
./audio/CC0808SB27_0828192000.wav,20Hz,35,18,326.9311584,328.801001
./audio/CC0808SB27_0828192000.wav,20Hz,31,17,304.107959,305.7122437
./audio/CC0808SB27_0828192000.wav,20Hz,29,16,358.7156616,360.23396
./audio/CC0808SB27_0828192000.wav,20Hz,29,18,430.6454407,432.1372253
./audio/CC0808SB27_0828192000.wav,20Hz,36,18,433.841925,435.6232758
