audio_file,annotation,high_f,low_f,start_time,end_time
./audio/CC0808SB28_0829000000.wav,20Hz,31,16,17.57598114,19.11777954
./audio/CC0808SB28_0829000000.wav,20Hz,31,16,41.45021667,43.07380676
./audio/CC0808SB28_0829000000.wav,20Hz,32,17,68.47662659,70.09214325
./audio/CC0808SB28_0829000000.wav,20Hz,36,16,185.2103836,186.7158157
