audio_file,annotation,high_f,low_f,start_time,end_time
./audio/CC0808SB23_0825232531.wav,B,60,14,46.08772278,65.4559433
./audio/CC0808SB23_0825232531.wav,A,92,74,124.4164047,142.2241241
./audio/CC0808SB23_0825232531.wav,B,54,12,173.6307747,193.2730713
