audio_file,annotation,high_f,low_f,start_time,end_time
./audio/CC0808SB23_0826002000.wav,B,53,12,31.98427429,39.03700867
./audio/CC0808SB23_0826002000.wav,B,52,14,19.5624527,30.84009094
./audio/CC0808SB23_0826002000.wav,B,52,12,81.62063293,88.9556488
./audio/CC0808SB23_0826002000.wav,B,51,14,69.02741699,80.86352234
./audio/CC0808SB23_0826002000.wav,A,89,75,152.3166779,163.9129089
./audio/CC0808SB23_0826002000.wav,B,55,12,200.790274,212.2029266
./audio/CC0808SB23_0826002000.wav,B,54,13,213.0127319,220.1612061
./audio/CC0808SB23_0826002000.wav,20Hz,32,16,239.993367,241.7149536
./audio/CC0808SB23_0826002000.wav,B,56,12,361.8559113,373.5467865
