audio_file,annotation,high_f,low_f,start_time,end_time
./audio/CC0808SB23_0825232531.wav,B,60,14,46.08772278,57.89235229
./audio/CC0808SB23_0825232531.wav,B,55,13,58.16065598,65.4559433
./audio/CC0808SB23_0825232531.wav,A,92,74,124.4164047,142.2241241
./audio/CC0808SB23_0825232531.wav,B,54,12,173.6307747,185.6857285
./audio/CC0808SB23_0825232531.wav,B,58,12,186.3339905,193.2730713
