audio_file,annotation,high_f,low_f,start_time,end_time
./audio/CC0808SB03_0816032000.wav,20Hz,34,17,67.23362198,69.3977356
./audio/CC0808SB03_0816032000.wav,40Hz,76,49,68.402,69.784
./audio/CC0808SB03_0816032000.wav,20Hz,35,16,94.01322327,96.24728088
./audio/CC0808SB03_0816032000.wav,20Hz,32,16,113.756443,116.5031288
./audio/CC0808SB03_0816032000.wav,20Hz,34,17,123.906369,125.7611237
./audio/CC0808SB03_0816032000.wav,20Hz,31,15,164.3421204,165.9394836
./audio/CC0808SB03_0816032000.wav,40Hz,88,60,303.522,304.991
