audio_file,annotation,high_f,low_f,start_time,end_time
./audio/CC0808SB22_0825151000.wav,20Hz,38,24,144.8998871,147.0182861
./audio/CC0808SB22_0825151000.wav,20Hz,41,23,172.7544998,174.7737366
