audio_file,annotation,high_f,low_f,start_time,end_time
./audio/CC0808SB25_0827170000.wav,20Hz,33,19,159.1664459,160.9849854
./audio/CC0808SB25_0827170000.wav,20Hz,33,19,166.4807434,168.071344
./audio/CC0808SB25_0827170000.wav,20Hz,36,20,181.7306,183.4120911
./audio/CC0808SB25_0827170000.wav,20Hz,29,19,202.9607147,204.625351
