audio_file,annotation,high_f,low_f,start_time,end_time
./audio/CC0808SB27_0828174000.wav,20Hz,36,21,3.352388,5.398049927
./audio/CC0808SB27_0828174000.wav,20Hz,34,17,166.6331238,168.4983704
./audio/CC0808SB27_0828174000.wav,20Hz,31,17,144.461264,146.0646118
./audio/CC0808SB27_0828174000.wav,20Hz,30,16,219.9760559,221.7580505
./audio/CC0808SB27_0828174000.wav,20Hz,35,17,166.5927752,168.440099
./audio/CC0808SB27_0828174000.wav,20Hz,35,19,181.9645966,183.6318649
./audio/CC0808SB27_0828174000.wav,20Hz,35,18,193.7984467,195.5210205
./audio/CC0808SB27_0828174000.wav,20Hz,31,17,235.9568314,237.6338562
