audio_file,annotation,high_f,low_f,start_time,end_time
./audio/CC0808SB21_0825005000.wav,D,70,37,3.648846054,7.838842773
./audio/CC0808SB21_0825005000.wav,D,58,29,143.1219574,146.455603
./audio/CC0808SB21_0825005000.wav,D,56,30,255.2563019,259.7374695
./audio/CC0808SB21_0825005000.wav,D,70,41,294.5280014,298.779512
