audio_file,annotation,high_f,low_f,start_time,end_time
./audio/CC0808SB31_0830000000.wav,40Hz,63,43,144.2450836,146.2410858
./audio/CC0808SB31_0830000000.wav,40Hz,68,49,211.0270142,212.7480591
./audio/CC0808SB31_0830000000.wav,40Hz,50,33,304.2612061,306.1080109
