audio_file,annotation,high_f,low_f,start_time,end_time
./audio/CC0808SB26_0827222000.wav,A,92,75,112.9532026,124.9700729
./audio/CC0808SB26_0827222000.wav,A,91,74,506.8445633,520.4404724
