audio_file,annotation,high_f,low_f,start_time,end_time
./audio/CC0808SB11_0819164000.wav,20Hz,35,19,157.5677277,159.7183777
./audio/CC0808SB11_0819164000.wav,20Hz,38,23,560.0318794,562.0044235
