audio_file,annotation,high_f,low_f,start_time,end_time
./audio/CC0808SB22_0825161000.wav,40Hz,57,40,289.9410431,291.5199875
./audio/CC0808SB22_0825161000.wav,40Hz,66,42,417.887674,419.7213501
