audio_file,annotation,high_f,low_f,start_time,end_time
./audio/CC0808SB27_0828185000.wav,20Hz,28,17,95.260672,96.66586609
./audio/CC0808SB27_0828185000.wav,20Hz,33,18,132.0493103,134.3695816
./audio/CC0808SB27_0828185000.wav,20Hz,33,16,144.7619476,146.9291138
./audio/CC0808SB27_0828185000.wav,20Hz,28,16,157.3411621,159.3429382
./audio/CC0808SB27_0828185000.wav,20Hz,30,18,172.510582,174.5763641
./audio/CC0808SB27_0828185000.wav,20Hz,27,16,202.9468384,204.5574768
./audio/CC0808SB27_0828185000.wav,20Hz,28,16,254.8797577,256.355426
./audio/CC0808SB27_0828185000.wav,20Hz,33,17,256.4527374,257.9497894
./audio/CC0808SB27_0828185000.wav,20Hz,34,19,322.3250916,324.1930054
