audio_file,annotation,high_f,low_f,start_time,end_time
./audio/CC0808SB23_0826013000.wav,B,59,13,20.28929443,37.58119202
./audio/CC0808SB23_0826013000.wav,A,93,73,80.25198059,96.92752075
./audio/CC0808SB23_0826013000.wav,A,92,74,97.70093079,112.1987732
./audio/CC0808SB23_0826013000.wav,D,92,42,110.6952454,112.6827698
./audio/CC0808SB23_0826013000.wav,D,78,35,116.3963982,119.1599693
./audio/CC0808SB23_0826013000.wav,B,55,14,128.4482025,162.1721802
./audio/CC0808SB23_0826013000.wav,D,98,52,176.0280769,178.3503723
./audio/CC0808SB23_0826013000.wav,D,100,36,213.151825,216.136087
