audio_file,annotation,high_f,low_f,start_time,end_time
./audio/CC0808SB30_0829212000.wav,A,91,73,51.41466064,59.70283203
./audio/CC0808SB30_0829212000.wav,A,88,75,55.16455253,67.68013382
./audio/CC0808SB30_0829212000.wav,B,54,14,98.62960815,111.9685181
./audio/CC0808SB30_0829212000.wav,40Hz,87,65,194.7853546,196.4808136
./audio/CC0808SB30_0829212000.wav,A,89,73,224.2948227,235.8590424
./audio/CC0808SB30_0829212000.wav,B,54,13,271.7138123,280.1
