audio_file,annotation,high_f,low_f,start_time,end_time
./audio/CC0808SB29_0829165000.wav,A,91,74,0.937052155,15.53691864
./audio/CC0808SB29_0829165000.wav,B,54,17,49.20791931,60.01610718
./audio/CC0808SB29_0829165000.wav,A,95,74,111.3086576,129.0363281
./audio/CC0808SB29_0829165000.wav,B,54,22,174.7832077,180.6038925
./audio/CC0808SB29_0829165000.wav,B,53,15,165.3384539,173.0584984
./audio/CC0808SB29_0829165000.wav,A,91,75,242.0735672,259.5966492
./audio/CC0808SB29_0829165000.wav,A,88,74,319.7350555,332.6901062
