audio_file,annotation,high_f,low_f,start_time,end_time
./audio/CC0808SB27_0828194000.wav,20Hz,31,17,12.30688553,13.93568878
./audio/CC0808SB27_0828194000.wav,20Hz,29,15,28.87567749,30.64544067
./audio/CC0808SB27_0828194000.wav,20Hz,36,18,109.8973328,111.8176575
./audio/CC0808SB27_0828194000.wav,20Hz,37,18,90.22701416,92.12836914
