audio_file,annotation,high_f,low_f,start_time,end_time
./audio/CC0808SB21_0825004146.wav,D,53,24,77.83300629,81.14014893
./audio/CC0808SB21_0825004146.wav,D,55,34,91.33435059,93.91328125
./audio/CC0808SB21_0825004146.wav,D,49,21,152.3651703,155.9304047
./audio/CC0808SB21_0825004146.wav,D,56,32,202.2708649,204.8255188
./audio/CC0808SB21_0825004146.wav,D,70,35,250.5033661,254.4580688
./audio/CC0808SB21_0825004146.wav,D,69,36,274.9135681,279.3682678
./audio/CC0808SB21_0825004146.wav,D,58,36,225.6707882,228.3495735
./audio/CC0808SB21_0825004146.wav,D,50,26,264.3325287,266.9764893
