audio_file,annotation,high_f,low_f,start_time,end_time
./audio/CC0808SB29_0829173000.wav,A,91,76,62.94521255,79.32646484
./audio/CC0808SB29_0829173000.wav,A,91,76,202.0310913,215.337442
