audio_file,annotation,high_f,low_f,start_time,end_time
./audio/CC0808SB30_0829220000.wav,D,74,39,3.632263184,5.740389633
./audio/CC0808SB30_0829220000.wav,40Hz,66,46,245.6646881,247.4667267
./audio/CC0808SB30_0829220000.wav,40Hz,66,48,234.0172287,235.7728928
