audio_file,annotation,high_f,low_f,start_time,end_time
./audio/CC0808SB30_0829210000.wav,B,52,13,7.43706131,17.01046753
./audio/CC0808SB30_0829210000.wav,A,91,74,252.1997864,266.4002502
