audio_file,annotation,high_f,low_f,start_time,end_time
./audio/CC0808SB15_0821193000.wav,D,53,26,187.4630829,189.7689331
./audio/CC0808SB15_0821193000.wav,20Hz,45,27,237.9836349,239.7716324
./audio/CC0808SB15_0821193000.wav,20Hz,28,17,407.5428879,409.6213333
./audio/CC0808SB15_0821193000.wav,20Hz,32,17,459.4240631,461.1409103
