audio_file,annotation,high_f,low_f,start_time,end_time
./audio/CC0808SB27_0828180000.wav,20Hz,30,16,47.67379761,49.57018433
./audio/CC0808SB27_0828180000.wav,20Hz,35,18,14.80382843,16.64191742
./audio/CC0808SB27_0828180000.wav,20Hz,28,16,30.43710327,31.91017151
./audio/CC0808SB27_0828180000.wav,20Hz,28,17,50.50289612,52.39642334
./audio/CC0808SB27_0828180000.wav,20Hz,23,12,36.48003235,38.63503723
./audio/CC0808SB27_0828180000.wav,20Hz,31,17,73.45037231,75.60595703
./audio/CC0808SB27_0828180000.wav,20Hz,29,17,86.16011963,88.07159424
./audio/CC0808SB27_0828180000.wav,20Hz,28,17,77.78171692,79.74938812
./audio/CC0808SB27_0828180000.wav,20Hz,29,15,120.7129562,122.749704
