audio_file,annotation,high_f,low_f,start_time,end_time
./audio/CC0808SB31_0830004000.wav,40Hz,79,63,104.6894958,106.5269043
./audio/CC0808SB31_0830004000.wav,D,97,57,107.9448914,109.872937
