audio_file,annotation,high_f,low_f,start_time,end_time
./audio/CC0808SB24_0826193000.wav,A,93,75,125.9715744,142.3991943
./audio/CC0808SB24_0826193000.wav,A,92,76,395.0128426,413.1585724
