audio_file,annotation,high_f,low_f,start_time,end_time
./audio/CC0808SB29_0829164207.wav,A,92,76,14.7019577,29.89787903
./audio/CC0808SB29_0829164207.wav,B,71,35,29.06287537,39.08979187
./audio/CC0808SB29_0829164207.wav,A,91,72,144.5628082,161.2471191
./audio/CC0808SB29_0829164207.wav,B,54,27,223.6649754,234.3780182
./audio/CC0808SB29_0829164207.wav,A,92,75,275.687319,291.6363708
