audio_file,annotation,high_f,low_f,start_time,end_time
./audio/CC0808SB24_0826191000.wav,A,94,77,0.077051061,19.22609558
./audio/CC0808SB24_0826191000.wav,A,93,75,128.4284409,146.3689484
./audio/CC0808SB24_0826191000.wav,A,92,75,252.8673218,270.0005188
./audio/CC0808SB24_0826191000.wav,A,89,75,418.6799103,437.3388062
