audio_file,annotation,high_f,low_f,start_time,end_time
./audio/CC0808SB29_0829171000.wav,A,92,75,93.5539093,108.748938
./audio/CC0808SB29_0829171000.wav,A,93,75,154.5636597,168.2843201
./audio/CC0808SB29_0829171000.wav,A,91,75,403.9402985,418.0252899
./audio/CC0808SB29_0829171000.wav,A,92,74,538.5077515,554.11604
