audio_file,annotation,high_f,low_f,start_time,end_time
./audio/CC0808SB29_0829182000.wav,20Hz,34,17,64.62967377,66.59050751
./audio/CC0808SB29_0829182000.wav,20Hz,29,16,340.6420883,342.3765335
