audio_file,annotation,high_f,low_f,start_time,end_time
./audio/CC0808SB29_0829183755.wav,20Hz,35,16,8.027749634,10.38343658
./audio/CC0808SB29_0829183755.wav,20Hz,30,16,45.74470825,47.7896637
