audio_file,annotation,high_f,low_f,start_time,end_time
./audio/CC0808SB21_0825005000.wav,D,69,37,3.693366623,7.812591553
./audio/CC0808SB21_0825005000.wav,D,58,27,142.9766632,146.5091248
./audio/CC0808SB21_0825005000.wav,D,55,29,255.2851532,259.8152161
./audio/CC0808SB21_0825005000.wav,D,69,40,294.3366364,298.9846573
