audio_file,annotation,high_f,low_f,start_time,end_time
./audio/CC0808SB09_0818160000.wav,A,61,46,7.266040802,19.37253113
./audio/CC0808SB09_0818160000.wav,A,61,45,187.6984909,201.4882721
./audio/CC0808SB09_0818160000.wav,A,62,43,166.1241943,180.589827
./audio/CC0808SB09_0818160000.wav,A,88,74,308.3664856,320.9327362
./audio/CC0808SB09_0818160000.wav,A,60,45,346.270314,356.8615875
