audio_file,annotation,high_f,low_f,start_time,end_time
./audio/CC0808SB29_0829183000.wav,20Hz,35,16,39.94584045,42.05879211
./audio/CC0808SB29_0829183000.wav,20Hz,32,17,65.20956345,66.80139389
./audio/CC0808SB29_0829183000.wav,20Hz,37,16,267.8872528,270.1980072
./audio/CC0808SB29_0829183000.wav,20Hz,30,17,298.4715805,300.1864975
./audio/CC0808SB29_0829183000.wav,20Hz,32,17,319.6074341,321.7589783
./audio/CC0808SB29_0829183000.wav,20Hz,35,17,346.6602127,348.2306442
