audio_file,annotation,high_f,low_f,start_time,end_time
./audio/CC0808SB04_0816161000.wav,D,59,37,38.5893158,40.68638306
./audio/CC0808SB04_0816161000.wav,D,63,35,106.7451355,110.7283875
