audio_file,annotation,high_f,low_f,start_time,end_time
./audio/CC0808SB27_0828170451.wav,20Hz,34,18,62.95138397,64.82754593
./audio/CC0808SB27_0828170451.wav,20Hz,27,14,104.791803,106.5114563
./audio/CC0808SB27_0828170451.wav,20Hz,30,18,121.8983719,123.787085
