audio_file,annotation,high_f,low_f,start_time,end_time
./audio/CC0808SB30_0829220000.wav,D,74,39,3.632263184,5.740389633
./audio/CC0808SB30_0829220000.wav,B,51,12,118.3310211,133.7510483
./audio/CC0808SB30_0829220000.wav,40Hz,66,46,245.6646881,247.4667267
./audio/CC0808SB30_0829220000.wav,40Hz,66,48,234.0172287,235.7728928
./audio/CC0808SB30_0829220000.wav,20Hz,35,22,304.2165405,305.8634766
./audio/CC0808SB30_0829220000.wav,A,90,75,386.4043596,397.6099678
