audio_file,annotation,high_f,low_f,start_time,end_time
./audio/CC0808SB30_0829212000.wav,A,91,73,51.41466064,59.70283203
./audio/CC0808SB30_0829212000.wav,A,88,75,55.16455253,67.68013382
./audio/CC0808SB30_0829212000.wav,40Hz,87,65,194.7853546,196.4808136
./audio/CC0808SB30_0829212000.wav,B,54,13,320.4655304,330.5597412
./audio/CC0808SB30_0829212000.wav,D,93,24,327.9884583,330.1825806
