audio_file,annotation,high_f,low_f,start_time,end_time
./audio/CC0808SB30_0829221000.wav,D,78,48,44.32338257,46.49771118
./audio/CC0808SB30_0829221000.wav,D,93,51,81.27314453,83.37115479
