audio_file,annotation,high_f,low_f,start_time,end_time
./audio/CC0808SB25_0827162000.wav,20Hz,28,16,264.5516571,266.0437561
./audio/CC0808SB25_0827162000.wav,20Hz,29,17,294.7444962,296.4798309
./audio/CC0808SB25_0827162000.wav,20Hz,27,17,316.5281616,318.0706177
./audio/CC0808SB25_0827162000.wav,20Hz,28,16,374.9009979,376.6797485
./audio/CC0808SB25_0827162000.wav,20Hz,28,16,394.4051353,396.0992065
./audio/CC0808SB25_0827162000.wav,20Hz,28,15,441.9704712,443.5895264
