audio_file,annotation,high_f,low_f,start_time,end_time
./audio/CC0808SB26_0827220000.wav,A,91,75,184.4548477,197.4464386
./audio/CC0808SB26_0827220000.wav,A,91,77,323.9296295,332.3760071
./audio/CC0808SB26_0827220000.wav,A,91,77,546.0637268,554.7307861
