audio_file,annotation,high_f,low_f,start_time,end_time
./audio/CC0808SB11_0819162000.wav,20Hz,30,18,60.97080688,62.75908432
./audio/CC0808SB11_0819162000.wav,20Hz,28,15,90.02559204,91.53719788
