audio_file,annotation,high_f,low_f,start_time,end_time
./audio/CC0808SB13_0820201000.wav,20Hz,29,16,212.8021393,214.8304626
./audio/CC0808SB13_0820201000.wav,20Hz,30,16,327.0920776,328.7109619
