audio_file,annotation,high_f,low_f,start_time,end_time
./audio/CC0808SB26_0827223000.wav,A,92,75,179.0835617,191.8242645
./audio/CC0808SB26_0827223000.wav,A,91,74,394.0478485,407.6944427
./audio/CC0808SB26_0827223000.wav,A,93,75,526.3714233,542.8998993
