audio_file,annotation,high_f,low_f,start_time,end_time
./audio/CC0808SB26_0828001000.wav,A,90,75,178.477002,189.0121429
./audio/CC0808SB26_0828001000.wav,20Hz,34,18,462.3827499,463.9370911
