audio_file,annotation,high_f,low_f,start_time,end_time
./audio/CC0808SB27_0828184000.wav,20Hz,29,15,31.46212158,33.33842468
./audio/CC0808SB27_0828184000.wav,20Hz,28,16,22.4088089,24.05334778
./audio/CC0808SB27_0828184000.wav,20Hz,28,16,57.20331421,58.8611145
./audio/CC0808SB27_0828184000.wav,20Hz,28,16,18.23556824,20.18832397
./audio/CC0808SB27_0828184000.wav,20Hz,34,16,72.10991974,74.25902557
./audio/CC0808SB27_0828184000.wav,20Hz,35,20,104.7648376,106.4205994
./audio/CC0808SB27_0828184000.wav,20Hz,30,17,81.78540344,83.70761719
./audio/CC0808SB27_0828184000.wav,20Hz,28,18,108.3022583,110.1351868
